SKU,Total prodato,Prvi datum,Zadnji datum,Ukupno dana,Dani bez zalihe,Dani dostupno,Prosek dnevno,Ukupno neto,Prosek neto,Procjena gubitka neto,Procena izgubljeno
AF-1,236,2024-06-24,2026-01-13,569,31,538,0.4387,1007023.88,1871.7916,58025.54,13.5985
AF-10,47,2024-07-04,2025-12-19,534,0,534,0.088,191164.64,357.9862,0.0,0.0
AF-2,42,2024-11-01,2026-01-09,435,0,435,0.0966,171317.24,393.8327,0.0,0.0
AF-4,121,2024-06-24,2026-01-15,571,0,571,0.2119,515548.7,902.8874,0.0,0.0
AF-6,105,2024-06-24,2026-01-12,568,0,568,0.1849,451436.38,794.7824,0.0,0.0
AF-613,64,2024-07-05,2026-01-12,557,0,557,0.1149,274599.55,492.9974,0.0,0.0
AF-CRV,21,2024-09-05,2025-12-30,482,0,482,0.0436,92339.42,191.5756,0.0,0.0
AF-K16,104,2024-06-25,2026-01-13,568,34,534,0.1948,456882.57,855.5853,29089.9,6.6217
AF-MHG,41,2024-07-15,2026-01-14,549,17,532,0.0771,181279.25,340.7505,5792.76,1.3102
AF-PLAT,41,2024-10-22,2026-01-08,444,0,444,0.0923,167931.68,378.2245,0.0,0.0
AF-SMEDPR,23,2025-08-29,2026-01-15,140,0,140,0.1643,99593.0,711.3786,0.0,0.0
AF-SMO,37,2024-08-07,2026-01-14,526,0,526,0.0703,164540.25,312.8142,0.0,0.0
AF-SMP,103,2024-06-25,2026-01-15,570,37,533,0.1932,447071.29,838.7829,31034.97,7.1501
AF-SRP,42,2024-11-22,2026-01-15,420,0,420,0.1,175358.26,417.5197,0.0,0.0
AR-1B,152,2025-05-20,2026-01-01,227,0,227,0.6696,577276.9,2543.07,0.0,0.0
AR-2,139,2025-02-04,2025-12-19,319,0,319,0.4357,551738.84,1729.5888,0.0,0.0
AR-4,248,2025-02-04,2026-01-14,345,63,282,0.8794,955018.88,3386.5918,213355.28,55.4043
AR-6,53,2025-08-20,2025-12-05,108,0,108,0.4907,211066.0,1954.3148,0.0,0.0
AR-613,57,2025-02-05,2026-01-16,346,0,346,0.1647,202003.45,583.825,0.0,0.0
AR-K16,145,2025-02-04,2026-01-14,345,0,345,0.4203,539464.94,1563.6665,0.0,0.0
AR-Najpl,20,2025-07-02,2025-12-24,176,0,176,0.1136,71077.0,403.8466,0.0,0.0
AR-PLO,62,2025-02-06,2026-01-15,344,0,344,0.1802,234946.98,682.9854,0.0,0.0
AR-SMO,41,2025-08-20,2025-11-29,102,0,102,0.402,154867.0,1518.3039,0.0,0.0
AR-SMPLV,60,2025-05-21,2025-12-15,209,0,209,0.2871,233037.0,1115.0096,0.0,0.0
AR-SRP,52,2025-08-20,2025-12-26,129,0,129,0.4031,189899.0,1472.0853,0.0,0.0
BD-10,12,2025-11-06,2026-01-15,71,0,71,0.169,55635.0,783.5915,0.0,0.0
BD-1B,48,2025-11-04,2026-01-14,72,0,72,0.6667,237349.99,3296.5277,0.0,0.0
BD-2,34,2025-11-03,2026-01-13,72,0,72,0.4722,168988.0,2347.0556,0.0,0.0
BD-4,22,2025-11-03,2025-12-31,59,0,59,0.3729,112540.0,1907.4576,0.0,0.0
BD-6,34,2025-11-03,2026-01-14,73,0,73,0.4658,152340.0,2086.8493,0.0,0.0
BD-613,33,2025-11-03,2026-01-15,74,0,74,0.4459,162280.0,2192.973,0.0,0.0
BD-K16,32,2025-11-06,2026-01-14,70,0,70,0.4571,161636.99,2309.0999,0.0,0.0
BD-PLAT,13,2025-11-03,2026-01-14,73,0,73,0.1781,67490.0,924.5205,0.0,0.0
BD-SMEDPR,70,2025-11-03,2026-01-14,73,0,73,0.9589,358190.0,4906.7123,0.0,0.0
BD-SRP,73,2025-11-03,2026-01-14,73,0,73,1.0,356806.2,4887.7562,0.0,0.0
DR-1B,144,2024-06-25,2025-10-29,492,0,492,0.2927,687674.52,1397.7124,0.0,0.0
DR-4,58,2024-10-24,2025-12-24,427,0,427,0.1358,276217.19,646.8787,0.0,0.0
DR-6,29,2025-05-22,2026-01-15,239,0,239,0.1213,131286.0,549.3138,0.0,0.0
DR-K16,14,2025-06-04,2025-12-18,198,0,198,0.0707,65900.0,332.8283,0.0,0.0
DR-PP,65,2024-06-21,2025-12-09,537,0,537,0.121,284440.57,529.6845,0.0,0.0
DR-SIVPL,25,2024-06-27,2025-12-30,552,0,552,0.0453,117483.85,212.8331,0.0,0.0
DR-SMPLV,38,2024-07-05,2025-12-31,545,0,545,0.0697,174750.41,320.643,0.0,0.0
DR-SRP,24,2025-05-19,2026-01-15,242,0,242,0.0992,110171.37,455.2536,0.0,0.0
EKS-10,112,2024-08-31,2026-01-06,494,49,445,0.2517,476753.52,1071.3562,52496.45,12.3326
EKS-1B,291,2024-06-25,2025-12-19,543,0,543,0.5359,1250205.4,2302.404,0.0,0.0
EKS-4,220,2024-06-27,2026-01-13,566,0,566,0.3887,956172.59,1689.3509,0.0,0.0
EKS-6,223,2024-07-08,2026-01-15,557,0,557,0.4004,955797.12,1715.9733,0.0,0.0
EKS-613,33,2025-08-28,2026-01-13,139,0,139,0.2374,131074.0,942.9784,0.0,0.0
EKS-K16,126,2024-06-24,2025-12-29,554,0,554,0.2274,518381.76,935.7072,0.0,0.0
EKS-NAT,138,2024-06-28,2025-10-21,481,0,481,0.2869,590795.83,1228.2658,0.0,0.0
EKS-PLAT,28,2025-08-21,2026-01-14,147,0,147,0.1905,109638.0,745.8367,0.0,0.0
EKS-PLO,65,2024-09-05,2026-01-09,492,0,492,0.1321,272549.42,553.9622,0.0,0.0
EKS-PRAM,24,2024-09-17,2025-12-27,467,0,467,0.0514,106238.42,227.4913,0.0,0.0
EKS-SIVPL,22,2024-09-25,2025-10-21,392,0,392,0.0561,97832.1,249.5717,0.0,0.0
EKS-SMPLV,59,2024-10-24,2025-12-27,430,0,430,0.1372,232021.67,539.5853,0.0,0.0
EKS-SRP,101,2024-10-23,2026-01-14,449,0,449,0.2249,441169.93,982.5611,0.0,0.0
EKS-SSP,66,2024-06-28,2025-10-17,477,22,455,0.1451,266824.75,586.428,12901.42,3.1912
EKSOPK-1B,50,2025-08-21,2025-12-20,122,5,117,0.4274,235180.0,2010.0855,10050.43,2.1368
EKSOPK-4,53,2025-08-25,2025-12-23,121,2,119,0.4454,243841.0,2049.084,4098.17,0.8908
EKSOPK-6,45,2025-08-21,2026-01-12,145,0,145,0.3103,201955.0,1392.7931,0.0,0.0
EKSOPK-613,30,2025-08-25,2025-12-26,124,0,124,0.2419,133733.0,1078.4919,0.0,0.0
EKSOPK-K16,27,2025-08-26,2025-12-25,122,0,122,0.2213,123200.0,1009.8361,0.0,0.0
EKSOPK-PLAT,28,2025-08-22,2026-01-08,140,0,140,0.2,120915.0,863.6786,0.0,0.0
EKSOPK-SMEDPR,52,2025-08-27,2025-11-07,73,4,69,0.7536,246677.0,3575.029,14300.12,3.0145
EKSOPK-SRP,44,2025-09-03,2025-12-13,102,11,91,0.4835,207357.01,2278.6485,25065.13,5.3187
KRO-1B,137,2024-11-14,2025-12-09,391,0,391,0.3504,537200.88,1373.9153,0.0,0.0
KRO-2,93,2024-10-25,2025-12-29,431,0,431,0.2158,360846.6,837.2311,0.0,0.0
KRO-4,104,2024-11-01,2026-01-09,435,0,435,0.2391,389220.61,894.76,0.0,0.0
KRO-6,92,2024-11-04,2026-01-09,432,0,432,0.213,353388.76,818.0295,0.0,0.0
KRO-613,99,2024-10-23,2026-01-14,449,0,449,0.2205,376843.3,839.2947,0.0,0.0
KRO-MHG,32,2024-11-27,2026-01-08,408,0,408,0.0784,126951.98,311.1568,0.0,0.0
KRO-PP,86,2024-11-14,2026-01-15,428,0,428,0.2009,314067.9,733.8035,0.0,0.0
KRO-SMO,100,2024-11-12,2026-01-08,423,0,423,0.2364,375743.86,888.2834,0.0,0.0
KRO-SMPLV,150,2024-11-06,2026-01-15,436,0,436,0.344,561907.78,1288.7793,0.0,0.0
KRO-k16,122,2024-10-29,2026-01-12,441,0,441,0.2766,456877.22,1036.0028,0.0,0.0
KRR-10,24,2025-08-25,2025-12-29,127,0,127,0.189,94771.0,746.2283,0.0,0.0
KRR-1B,96,2024-11-01,2026-01-08,434,0,434,0.2212,373958.78,861.6562,0.0,0.0
KRR-2,55,2024-11-08,2026-01-15,434,0,434,0.1267,200889.83,462.8798,0.0,0.0
KRR-4,114,2024-10-23,2025-12-31,435,0,435,0.2621,432591.82,994.4639,0.0,0.0
KRR-6,79,2025-05-19,2026-01-12,239,0,239,0.3305,302897.0,1267.3515,0.0,0.0
KRR-MHG,13,2025-01-28,2025-12-17,324,0,324,0.0401,51239.7,158.1472,0.0,0.0
KRR-PLAT,29,2025-08-25,2026-01-15,144,0,144,0.2014,102289.0,710.3403,0.0,0.0
KRR-SMO,38,2024-11-25,2026-01-13,415,0,415,0.0916,143599.85,346.0237,0.0,0.0
KRR-SMPLV,62,2024-10-24,2026-01-13,447,0,447,0.1387,226975.58,507.7753,0.0,0.0
KRR-SRP,81,2025-05-19,2025-12-27,223,0,223,0.3632,305213.0,1368.6682,0.0,0.0
KRR-k16,95,2024-10-23,2026-01-15,450,0,450,0.2111,352141.84,782.5374,0.0,0.0
OPK-10,98,2024-10-23,2026-01-15,450,0,450,0.2178,400043.84,888.9863,0.0,0.0
OPK-1B,393,2024-06-26,2025-12-09,532,2,530,0.7415,1719699.8,3244.7166,6489.43,1.483
OPK-2,138,2024-10-24,2026-01-14,448,63,385,0.3584,567991.83,1475.3035,92944.12,22.5818
OPK-4,159,2024-10-23,2026-01-08,443,0,443,0.3589,662518.52,1495.5271,0.0,0.0
OPK-6,137,2024-10-22,2025-12-29,434,0,434,0.3157,563859.07,1299.2144,0.0,0.0
OPK-K16,148,2024-06-27,2026-01-13,566,0,566,0.2615,644411.06,1138.5354,0.0,0.0
OPK-MHG,41,2024-07-19,2026-01-08,539,33,506,0.081,184831.8,365.2802,12054.25,2.6739
OPK-NTP,157,2024-06-27,2025-12-30,552,17,535,0.2935,677207.26,1265.808,21518.74,4.9888
OPK-PLAT,71,2024-10-23,2026-01-08,443,0,443,0.1603,293999.36,663.6554,0.0,0.0
OPK-PLO,21,2025-05-20,2026-01-09,235,0,235,0.0894,95729.0,407.3574,0.0,0.0
OPK-SMEDPR,60,2025-05-23,2026-01-14,237,0,237,0.2532,241946.0,1020.8692,0.0,0.0
OPK-SMO,233,2024-06-25,2026-01-14,569,3,566,0.4117,993301.26,1754.9492,5264.85,1.235
OPK-SMP,133,2024-07-03,2026-01-15,562,0,562,0.2367,566276.96,1007.6102,0.0,0.0
P001,10,2025-01-24,2025-05-16,113,0,113,0.0885,53867.73,476.7056,0.0,0.0
P006,26,2025-01-13,2026-01-09,362,0,362,0.0718,151637.73,418.8888,0.0,0.0
P007,15,2025-01-30,2025-11-10,285,4,281,0.0534,71250.0,253.5587,1014.23,0.2135
P012,12,2025-01-15,2025-12-30,350,0,350,0.0343,51967.39,148.4783,0.0,0.0
P014,9,2025-02-14,2026-01-09,330,0,330,0.0273,43084.9,130.5603,0.0,0.0
P017,9,2025-06-02,2025-12-04,186,0,186,0.0484,48495.0,260.7258,0.0,0.0
P029,18,2025-03-06,2025-12-24,294,0,294,0.0612,84224.79,286.4789,0.0,0.0
P041,11,2025-01-08,2025-12-30,357,34,323,0.0341,58212.0,180.2229,6127.58,1.1579
P043,19,2025-01-10,2026-01-14,370,0,370,0.0514,89941.53,243.0852,0.0,0.0
P061,22,2025-01-20,2025-12-02,317,78,239,0.0921,104993.78,439.3045,34265.75,7.1799
P066,13,2025-05-28,2026-01-14,232,0,232,0.056,62519.0,269.4784,0.0,0.0
P068,5,2025-12-10,2025-12-25,16,2,14,0.3571,24794.0,1771.0,3542.0,0.7143
P069,14,2025-03-09,2026-01-08,306,0,306,0.0458,75043.56,245.2404,0.0,0.0
P073,3,2026-01-06,2026-01-14,9,0,9,0.3333,16170.0,1796.6667,0.0,0.0
P075,15,2025-07-07,2025-11-21,138,0,138,0.1087,63816.94,462.4416,0.0,0.0
P078,5,2025-12-11,2026-01-14,35,0,35,0.1429,20482.0,585.2,0.0,0.0
P081,28,2025-01-16,2025-12-05,324,174,150,0.1867,272604.52,1817.3635,316221.24,32.48
P084,27,2025-01-22,2026-01-12,356,82,274,0.0985,146770.3,535.658,43923.96,8.0803
P091,10,2025-06-04,2026-01-14,225,0,225,0.0444,47419.01,210.7511,0.0,0.0
P093,23,2025-01-10,2025-11-12,307,0,307,0.0749,98972.74,322.3868,0.0,0.0
P094,15,2025-01-29,2026-01-15,352,0,352,0.0426,72553.73,206.1186,0.0,0.0
P095,35,2025-01-08,2026-01-13,371,121,250,0.14,184231.38,736.9255,89167.99,16.94
P096,10,2025-10-06,2025-12-23,79,0,79,0.1266,35025.0,443.3544,0.0,0.0
P099,5,2025-12-23,2026-01-09,18,0,18,0.2778,23712.99,1317.3886,0.0,0.0
PR00,1,2025-12-02,2025-12-02,1,0,1,1.0,7140.0,7140.0,0.0,0.0
PR1,8,2025-02-05,2025-12-01,300,183,117,0.0684,92522.0,790.7863,144713.9,12.5128
PR10,7,2025-06-24,2025-12-30,190,10,180,0.0389,75266.0,418.1444,4181.44,0.3889
PR11,7,2025-06-17,2026-01-09,207,0,207,0.0338,83300.0,402.4155,0.0,0.0
PR12,6,2025-01-10,2025-10-28,292,0,292,0.0205,62835.0,215.1884,0.0,0.0
PR15,17,2025-02-14,2025-12-23,313,200,113,0.1504,199597.0,1766.3451,353269.03,30.0885
PR16,3,2025-12-11,2026-01-14,35,0,35,0.0857,33020.0,943.4286,0.0,0.0
PR18,15,2025-01-17,2025-12-29,347,4,343,0.0437,145468.12,424.1053,1696.42,0.1749
PR19,5,2025-06-11,2026-01-15,219,0,219,0.0228,59500.0,271.6895,0.0,0.0
PR2,10,2025-01-17,2025-12-24,342,229,113,0.0885,101717.12,900.1515,206134.69,20.2655
PR20,3,2025-12-16,2026-01-15,31,0,31,0.0968,35700.0,1151.6129,0.0,0.0
PR22,10,2025-02-13,2025-12-30,321,0,321,0.0312,113644.0,354.0312,0.0,0.0
PR23,20,2025-05-28,2026-01-14,232,17,215,0.093,199925.0,929.8837,15808.02,1.5814
PR25,10,2025-06-12,2025-12-25,197,0,197,0.0508,113644.0,576.8731,0.0,0.0
PR26,3,2025-02-14,2025-04-09,55,0,55,0.0545,35700.0,649.0909,0.0,0.0
PR28,5,2025-04-02,2025-12-12,255,0,255,0.0196,56812.0,222.7922,0.0,0.0
PR3,7,2025-06-07,2025-12-31,208,43,165,0.0424,68722.0,416.497,17909.37,1.8242
PR31,21,2025-01-25,2025-12-12,322,13,309,0.068,237956.72,770.0865,10011.12,0.8835
PR32,9,2025-07-15,2026-01-12,182,0,182,0.0495,85061.0,467.3681,0.0,0.0
PR33,14,2025-01-08,2025-10-20,286,0,286,0.049,154648.12,540.7277,0.0,0.0
PR36,11,2024-12-30,2025-12-09,345,130,215,0.0512,115354.63,536.5332,69749.31,6.6512
PR4,20,2025-01-27,2026-01-14,353,51,302,0.0662,235237.98,778.9337,39725.62,3.3775
PR40,3,2025-06-06,2025-10-08,125,0,125,0.024,33022.0,264.176,0.0,0.0
PR41,8,2025-01-22,2025-12-18,331,0,331,0.0242,71373.12,215.6288,0.0,0.0
PR43,40,2024-12-30,2025-11-27,333,51,282,0.1418,456859.39,1620.0688,82623.51,7.234
PR44,2,2025-11-28,2025-12-03,6,0,6,0.3333,21096.0,3516.0,0.0,0.0
PR5,3,2025-12-12,2026-01-13,33,0,33,0.0909,35700.0,1081.8182,0.0,0.0
PR51,11,2025-06-20,2025-09-18,91,4,87,0.1264,115390.0,1326.3218,5305.29,0.5057
PR53,10,2025-05-23,2025-10-20,151,4,147,0.068,104890.0,713.5374,2854.15,0.2721
PR55,9,2025-05-21,2025-12-26,220,2,218,0.0413,79820.0,366.1468,732.29,0.0826
PR6,25,2025-01-09,2025-12-24,350,0,350,0.0714,273593.67,781.6962,0.0,0.0
PR7,7,2025-06-07,2025-12-09,186,0,186,0.0376,83277.0,447.7258,0.0,0.0
PR8,11,2025-01-15,2025-11-28,318,87,231,0.0476,125440.71,543.0334,47243.9,4.1429
PR9,5,2025-05-28,2025-08-25,90,6,84,0.0595,53860.0,641.1905,3847.14,0.3571
RR-10,109,2024-06-24,2026-01-12,568,0,568,0.1919,452432.65,796.5364,0.0,0.0
RR-1B,286,2024-07-03,2026-01-09,556,0,556,0.5144,1247133.15,2243.0452,0.0,0.0
RR-2,110,2024-10-23,2026-01-08,443,0,443,0.2483,452913.2,1022.3774,0.0,0.0
RR-350,67,2024-07-01,2026-01-14,563,0,563,0.119,286651.31,509.1498,0.0,0.0
RR-4,255,2024-06-24,2026-01-12,568,0,568,0.4489,1063591.02,1872.5194,0.0,0.0
RR-6,205,2024-07-11,2026-01-15,554,0,554,0.37,871197.83,1572.5593,0.0,0.0
RR-613,135,2024-06-24,2025-12-31,556,0,556,0.2428,585225.34,1052.5636,0.0,0.0
RR-613/K16,26,2025-03-07,2026-01-08,308,0,308,0.0844,112448.42,365.0923,0.0,0.0
RR-8,9,2025-08-28,2026-01-09,135,0,135,0.0667,30604.0,226.6963,0.0,0.0
RR-BRO,6,2025-10-09,2025-12-26,79,0,79,0.0759,16732.0,211.7975,0.0,0.0
RR-K16,124,2024-06-25,2026-01-09,564,0,564,0.2199,536366.3,951.0041,0.0,0.0
RR-KAR,25,2024-11-07,2025-11-10,369,0,369,0.0678,106542.84,288.734,0.0,0.0
RR-MHG,69,2024-06-24,2026-01-14,570,0,570,0.1211,295778.74,518.9101,0.0,0.0
RR-PLAT,86,2024-10-22,2026-01-08,444,0,444,0.1937,357651.48,805.5213,0.0,0.0
RR-PLO,4,2025-10-03,2025-12-09,68,0,68,0.0588,17246.0,253.6176,0.0,0.0
RR-SIVPL,15,2025-08-25,2025-12-30,128,2,126,0.119,60687.0,481.6429,963.29,0.2381
RR-SMEDPR,140,2024-10-23,2025-12-30,434,0,434,0.3226,609791.8,1405.0502,0.0,0.0
RR-SMO,89,2024-06-25,2026-01-08,563,0,563,0.1581,357505.74,635.0013,0.0,0.0
RR-SMP,147,2024-06-25,2026-01-12,567,3,564,0.2606,618423.07,1096.4948,3289.48,0.7819
RR-SRP,107,2024-10-23,2026-01-12,447,0,447,0.2394,448706.69,1003.8181,0.0,0.0
TRK-10,31,2024-07-08,2025-12-22,533,0,533,0.0582,128936.8,241.9077,0.0,0.0
TRK-1B,88,2024-07-31,2026-01-15,534,0,534,0.1648,385936.36,722.7273,0.0,0.0
TRK-4,86,2024-07-08,2025-12-30,541,0,541,0.159,364382.9,673.5359,0.0,0.0
TRK-6,72,2024-06-25,2026-01-13,568,0,568,0.1268,310963.59,547.4711,0.0,0.0
TRK-613,49,2024-06-27,2025-12-24,546,86,460,0.1065,212317.76,461.5603,39694.19,9.1609
TRK-K16,38,2024-06-24,2025-11-13,508,0,508,0.0748,158604.83,312.2142,0.0,0.0
U-10,53,2024-12-18,2026-01-14,393,0,393,0.1349,230902.74,587.5388,0.0,0.0
U-1B,218,2024-12-19,2026-01-14,392,3,389,0.5604,1112497.79,2859.8915,8579.67,1.6812
U-2,39,2025-08-20,2026-01-15,149,0,149,0.2617,199960.0,1342.0134,0.0,0.0
U-4,144,2024-12-19,2026-01-15,393,0,393,0.3664,740097.56,1883.1999,0.0,0.0
U-6,132,2024-12-24,2026-01-15,388,0,388,0.3402,677743.06,1746.7605,0.0,0.0
U-613,97,2024-12-19,2026-01-15,393,0,393,0.2468,488392.36,1242.7286,0.0,0.0
U-K16,75,2024-12-18,2025-12-26,374,0,374,0.2005,378219.42,1011.2819,0.0,0.0
U-MHG,15,2025-08-22,2026-01-15,147,0,147,0.102,78715.0,535.4762,0.0,0.0
U-PLAT,90,2024-12-20,2026-01-15,392,0,392,0.2296,458621.29,1169.9523,0.0,0.0
U-SMEDPR,64,2025-05-19,2025-10-08,143,0,143,0.4476,328815.0,2299.4056,0.0,0.0
U-SRP,176,2024-12-19,2026-01-12,390,20,370,0.4757,881670.3,2382.8927,47657.85,9.5135
